Title,Channel,Views,Likes,Comments,Published At
"Lady Gaga, Bruno Mars - Die With A Smile (Official Music Video)",LadyGagaVEVO,5426183,533140,34598,2024-08-16T04:00:36Z
FORTNITE SEASON 4 IS HERE!,SypherPK,1419395,39236,2572,2024-08-16T11:06:06Z
LISA - NEW WOMAN feat. Rosalía (Official Music Video),LLOUD Official,22705702,1728540,128628,2024-08-16T00:00:08Z
"Falling In Reverse - ""Prequel""",Epitaph Records,483079,54838,4799,2024-08-16T13:59:46Z
UWAIE - Kapo (Video Oficial),Kapo,1999472,145078,4889,2024-08-16T00:00:07Z
Fortnite SEASON 4 is HERE! (New Marvel Skins and Mythics),TG Plays,899918,19579,1300,2024-08-16T11:37:24Z
Lil Yachty & Veeze - Sorry Not Sorry (Official Music Video),Lyrical Lemonade,494359,47391,1908,2024-08-16T03:50:07Z
How many dumb streamers does it take to beat Millionaire?,DougDoug,884690,58223,2126,2024-08-15T23:02:02Z
Rylo Rodriguez - “85 Cutlass” - (Official Video),Rylo Rodriguez,237843,18733,840,2024-08-16T04:00:08Z
Raygun ‘devastated’ by online hate after Olympics performance,CBC News: The National,808278,1755,0,2024-08-16T02:04:14Z
